TF,P.value,log2.fold.change,group
SPI1,2.02445736768477e-73,4.11046214915077,G1
KLF4,3.17876670491087e-73,2.85389037471431,G1
CEBPA,3.4411509159421e-73,4.36238118997613,G1
JDP2,3.64820306630484e-73,3.38707824046684,G1
MAFB,1.56676055511684e-72,3.80531135294797,G1
ETS2,1.60630605180588e-72,1.90089059118106,G1
BACH1,2.19320678017444e-72,1.97488517393602,G1
RXRA,2.4028621707187e-72,2.63006049689945,G1
CEBPD,5.90501805667801e-72,3.74030417705391,G1
NFE2,4.13870331056561e-71,3.59309859327756,G1
ZNF467,2.24306158386965e-70,1.91001856811812,G1
CEBPG,3.38984101486052e-70,1.78345303133833,G1
CREB5,3.72379754004246e-70,3.08570015002124,G1
CEBPB,4.5301118290477e-70,3.10230538673196,G1
IRF5,1.88452522489359e-69,2.18284103745743,G1
RARA,3.75744320154858e-69,1.4158197705008,G1
MITF,1.93283769122589e-68,2.5512488567547,G1
VDR,2.3455736789784e-68,2.40333599685723,G1
BCL6,3.48092718278838e-68,2.06800685579017,G1
ETV6,7.74744547663679e-68,1.05058264792966,G1
BATF3,1.73457866481517e-67,2.59816144106892,G1
SOX4,2.16179098188402e-67,2.36994513194744,G1
KLF10,8.10602887963795e-67,1.46428483863002,G1
TFEC,2.04811631988157e-66,2.83315040452645,G1
SMAD1,1.55437155977626e-65,2.32523177192657,G1
ATF3,3.38099786577098e-63,2.08472716601928,G1
CUX1,6.78253591007174e-63,1.25052892102771,G1
MAFG,1.17324106270235e-62,1.33123538996542,G1
ESRRA,1.42807744347936e-62,1.09639067835999,G1
ATF5,1.98104190149351e-62,1.60903697926673,G1
NFIL3,5.19595464868678e-62,1.88149928883307,G1
VENTX,1.66951771031499e-61,2.09279001807253,G1
FOSL2,1.32772694664736e-60,2.1342928903257,G1
FOS,2.72554264832913e-60,1.81022362558577,G1
NR6A1,4.62458520274521e-60,2.07450199914021,G1
TFE3,1.79926323613635e-59,1.19434695712105,G1
KLF11,6.2853859847086e-59,1.19201916910357,G1
ZFHX3,9.69179043747772e-59,1.75845213520611,G1
RBPJ,1.28663900872839e-58,0.793503834923932,G1
STAT6,2.82096127756985e-58,0.824586179030794,G1
NFE2L2,6.52296784428064e-58,0.922598142636618,G1
CENPBD1,9.58471522206964e-58,1.37761214239225,G1
HHEX,2.33307650373526e-57,2.64599932726497,G1
STAT2,8.92348350833279e-57,0.867841881073334,G1
ARID3A,1.26841516838515e-56,1.37320593558545,G1
LYL1,1.52308184889378e-56,1.65230288929303,G1
NFE2L1,2.24384655202599e-56,1.02468292582508,G1
HMBOX1,5.2860078868293e-56,1.13295941201012,G1
SOX15,5.66448056956326e-56,1.85272301236064,G1
JUNB,7.97295621780079e-56,0.985889989515704,G1
ELF4,3.01513878746385e-55,0.914021058627181,G1
ZHX1,8.7383180147417e-55,0.965241642232165,G1
YBX3,4.71602085820159e-54,1.5439869042158,G1
ZNF217,6.78891167152642e-54,1.21227646677742,G1
HDX,3.72951222602447e-53,1.66350361783701,G1
POU2F2,4.58873883999712e-52,1.27389997624177,G1
TFEB,6.84141163074519e-52,1.22428731131666,G1
PLAGL1,6.58340600577748e-51,1.14763296035177,G1
MEF2C,6.62920247644439e-51,2.87394358851964,G1
DNTTIP1,3.51442096794964e-50,0.839734778735842,G1
REL,4.40986046957899e-50,0.988189637402035,G1
MXD1,2.51924862869526e-49,0.938723099651838,G1
NAIF1,4.87726042123822e-49,1.07319663248587,G1
BCL11A,6.33595440626046e-49,2.68574127894788,G1
OLIG1,6.42260944579742e-49,2.22739116960329,G1
ZNF655,9.36000108868684e-49,0.781277497662307,G1
POGK,1.47216362358166e-47,0.792391022729083,G1
HLX,1.97598214399169e-47,2.13099824441372,G1
NR4A1,2.15534197970151e-47,2.02889903155182,G1
CIC,8.33162321187408e-47,0.905807990777383,G1
ZNF787,1.25696880750236e-46,0.563406437340147,G1
IRF8,1.3122839077674e-46,1.87131929928391,G1
AHR,3.61901836417316e-46,1.21437436099959,G1
ZNF124,1.46196007722441e-45,0.85891130497879,G1
TCF7L2,1.97536696422213e-45,1.72808769898809,G1
MTF1,2.22926815412732e-45,0.656898086602334,G1
CEBPE,3.72088443198434e-45,2.25011507707216,G1
KDM2A,2.17364361077824e-44,1.02336364556227,G1
NR4A2,3.07018487093748e-44,1.4054741162941,G1
MEF2A,6.33405084792976e-44,0.839831907596677,G1
MYPOP,3.91097061817721e-40,0.944669494694203,G1
FOSB,4.28773090658337e-40,0.977987812265358,G1
TRPS1,1.74627447660653e-39,1.24549938439638,G1
ETV5,6.72220035634435e-39,1.19644730292566,G1
ZNF296,1.81429328842984e-38,1.363332459167,G1
PPARA,1.00647569810144e-37,0.7496062419292,G1
MBD2,4.04090837835121e-37,0.520575046487507,G1
NFE2L3,6.30021730482798e-37,0.957579762750411,G1
TET3,8.52357329144352e-37,1.14803572028948,G1
NR1H3,1.43935634475473e-36,1.17919589968393,G1
ZNF333,1.80229771907747e-36,0.606715229463086,G1
DLX4,2.21230240986987e-35,1.23674919167076,G1
MEF2D,2.90581322452187e-35,0.664466859902602,G1
MAFK,5.48530802508362e-35,0.788743187137658,G1
ASCL2,7.35939619845262e-35,1.71525310362994,G1
USF1,6.88317300367782e-34,0.582585759871899,G1
SPIB,1.02518780680861e-33,1.49458163602109,G1
ELF3,1.64022280374255e-33,1.09986784638475,G1
ZNF768,2.42378351241253e-33,0.993144139195028,G1
MNT,5.76541913820771e-33,0.676035207877939,G1
SRF,1.42584734620135e-32,0.614905894971134,G1
PLAGL2,1.63158194056407e-32,1.03720113655522,G1
EGR2,4.49620767600044e-32,1.14919871179636,G1
IRF7,7.90277022474063e-32,0.637902196258306,G1
RELB,1.22683005792048e-31,0.626596648014983,G1
ZNF628,1.00818208836522e-29,0.758773883774245,G1
TOPORS,5.69047312248538e-29,0.784032675158157,G1
ZNF697,5.46995654876671e-28,1.22506941979156,G1
ZBTB18,7.08491030921136e-27,0.655811182263719,G1
ZBTB7B,9.22150364294125e-27,0.515300342332583,G1
ZNF564,1.46593787848536e-26,0.733953351935231,G1
NFIX,1.78647073325546e-26,0.908000315465143,G1
ZNF35,2.38918393562543e-25,0.798484588351647,G1
IKZF4,3.22941161299996e-25,0.819857913600895,G1
ZEB2,1.07175692792744e-24,1.17197206589162,G1
ETV3,1.7605468326788e-23,0.565135651802162,G1
KLF1,4.35180675492392e-23,0.889657764899027,G1
TEF,1.18655520103905e-20,0.775788847223291,G1
ZNF175,5.02971924922139e-20,0.793569486284291,G1
ZNF8,3.64227655395367e-18,0.701871131319892,G1
FOSL1,5.17579230613527e-18,0.845862162742014,G1
ZBTB3,1.30567364146053e-17,0.594588788893072,G1
SPIC,4.4240314442802e-17,1.19595434274257,G1
ZKSCAN5,6.07174937565626e-17,0.503214226230149,G1
E2F2,1.78452920399502e-16,0.747562857299224,G1
NFIA,3.18012328729656e-16,0.586772208704447,G1
TCF4,3.4252869561709e-16,0.822512344007601,G1
HOXA9,5.69378873811096e-16,0.884265483306534,G1
ZNF713,1.25531538468061e-14,0.628883891302218,G1
TFCP2L1,4.06961221682957e-14,0.686529398930062,G1
EGR3,2.21335549672697e-13,0.718662438059011,G1
NR4A3,3.86324552530074e-13,0.646727544325145,G1
ISL2,2.73400949034802e-12,0.748457058137012,G1
PPARG,4.21370783520652e-12,0.65986851121127,G1
GFI1B,1.36358838609366e-11,0.701879611126708,G1
ZFP92,2.91142318537414e-10,0.521275269444086,G1
IRF4,3.46692016472514e-08,0.61096585591428,G1
HES4,1.54975368680108e-07,0.979592813595868,G1
HES1,2.82459539589744e-07,0.742317700610519,G1
CXXC5,8.71512739541608e-07,0.520172025065204,G1
ZNF304,4.33429624166032e-149,1.55753523110162,G2
TFAP2C,1.1361987584889e-148,1.50645395501106,G2
WT1,1.14543090780568e-148,1.5539805003117,G2
HKR1,3.0596994037271e-148,1.52354818759159,G2
SP9,5.81498336360708e-148,1.55493211710113,G2
SP5,2.69125259902948e-147,1.55785928170071,G2
TFAP2B,4.2587354051945e-147,1.51090933583263,G2
PAX7,3.00268047672183e-146,1.56371649286026,G2
ETV4,5.45840904765747e-146,1.47228168462894,G2
SP7,9.6504955655311e-145,1.50026417050871,G2
PAX4,1.004351717556e-144,1.46573375482008,G2
KLF17,1.55160955504553e-144,1.49400931991829,G2
SPZ1,7.02453122648628e-144,1.49053192405674,G2
SP6,7.52711937361097e-143,1.51224774895795,G2
ZIC1,8.37768073846726e-143,1.49630903892242,G2
RBPJL,1.7786662167853e-142,1.54931568055752,G2
TFDP3,2.50015604419518e-142,1.52942522833878,G2
ETV3L,3.37738568111326e-142,1.46779292934523,G2
NKX2-5,9.29171691771398e-142,1.46063414324552,G2
CTCFL,9.32849273973665e-142,1.46769077588842,G2
NFE4,1.32571334934727e-141,1.43035272228179,G2
GLIS1,1.56477622467123e-141,1.45671036519175,G2
RFX6,1.43005705995576e-139,1.52195313897074,G2
VSX2,2.69558369090683e-138,1.54375069938802,G2
ZSCAN10,4.40593288604084e-138,1.51840157561146,G2
ZFP42,5.16935980670134e-138,1.46763620147275,G2
ZIC2,2.5396097244535e-137,1.45221364438483,G2
FOXN4,3.64518262482047e-137,1.61282708731583,G2
SPDEF,5.80903847940633e-137,1.42690912525769,G2
KLF14,6.20530643177737e-137,1.37446017063529,G2
LHX9,1.99385417555447e-136,1.58809273187852,G2
INSM1,2.28337393510498e-136,1.46786177906812,G2
FOXN1,2.31006186467621e-136,1.64990345251518,G2
POU3F4,3.12464950650121e-136,1.43372066248392,G2
IRX1,3.38928017180671e-136,1.58574125292363,G2
ZNF479,4.67310530674039e-136,1.454587283724,G2
ZNF254,4.70940537909652e-136,1.64606915806831,G2
TBX20,5.98578328941671e-136,1.43244269982752,G2
VSX1,6.85330879210968e-136,1.53811108399073,G2
SALL4,1.52501821956688e-135,1.38107307704298,G2
FOXL2,1.88580611148658e-135,1.47888294450088,G2
VAX2,2.68960390750449e-135,1.52964022426641,G2
POU3F3,2.68960390750449e-135,1.41938719793713,G2
PRRX1,3.48276281667077e-135,1.42565963045396,G2
SOX9,5.86039759837582e-135,1.43199518308328,G2
SCRT2,7.32767158539714e-135,1.52816712118301,G2
PTF1A,1.11920162298637e-134,1.38553879373016,G2
MYOG,1.22279300860213e-134,1.44675163631553,G2
BARHL2,1.2561814619791e-134,1.67749093355851,G2
LHX6,3.27252812461518e-134,1.48091544518223,G2
VAX1,3.58863343135349e-134,1.66048789636673,G2
SIX1,3.71487907679562e-134,1.45347724999947,G2
EGR4,4.3318191740672e-134,1.43670363155846,G2
MYF6,7.19027944807276e-134,1.45537266699371,G2
SOX2,1.08394201912868e-133,1.39630326052363,G2
PGR,1.31299796101343e-133,1.42998717493383,G2
HAND1,1.6652043169058e-133,1.43893891555234,G2
EMX1,1.70393420093716e-133,1.64021865253213,G2
LHX2,1.9114969610482e-133,1.53890404267626,G2
GATA4,2.48974909522155e-133,1.48639532227046,G2
NEUROD1,3.13274735968878e-133,1.43518145441819,G2
EN2,3.15682408600428e-133,1.63572514617939,G2
TBX4,4.07956556221296e-133,1.55512170279194,G2
ZNF534,4.84600514637523e-133,1.38720554830006,G2
TBX3,4.90193760404696e-133,1.44581366646473,G2
PITX2,6.00345475101523e-133,1.48905313071419,G2
NR0B1,6.16632056722243e-133,1.50612090172382,G2
ASCL1,8.02761346795786e-133,1.40329397234056,G2
SOHLH2,8.30855355678341e-133,1.41831334462239,G2
NKX2-1,1.20359498629868e-132,1.46994953913117,G2
RAX,1.56047164619628e-132,1.64332157629925,G2
LTF,1.6587626317515e-132,1.49256336970936,G2
NOTO,1.87427323940975e-132,1.63560117417417,G2
NOBOX,2.43883549248829e-132,1.72914359978549,G2
PKNOX2,2.78719160493394e-132,1.58718270742249,G2
PRDM14,3.42454693754373e-132,1.56793493599655,G2
CREB3L1,4.14368964649569e-132,1.37844764185405,G2
FOXG1,4.5406106800362e-132,1.43177837171057,G2
OVOL1,5.10998258012607e-132,1.63661475168875,G2
HOXD8,7.62289604164807e-132,1.5062321307821,G2
HES5,7.94896352068553e-132,1.47445505921092,G2
ZNF705G,8.70952508255369e-132,1.5407800063724,G2
EBF2,8.97885836281801e-132,1.68072682883765,G2
PAX3,1.50078841791956e-131,1.50043775132481,G2
TBX2,1.59495368391591e-131,1.50822038028157,G2
PITX3,1.71446473477163e-131,1.53346885181582,G2
UNCX,1.72099677187461e-131,1.63912791439002,G2
TBX18,1.74074233108153e-131,1.46788838266995,G2
BARHL1,1.89983267454609e-131,1.72705451981018,G2
SNAI2,3.85177511600863e-131,1.47261877914536,G2
NKX3-2,3.970587200586e-131,1.45208280009365,G2
GLIS2,4.0160789868897e-131,1.39297432629172,G2
YBX2,4.13995039373363e-131,1.68957832286045,G2
BNC1,4.21929949238096e-131,1.50469408538042,G2
TEAD4,4.43278519992858e-131,1.55199131867643,G2
DLX6,4.6570537143538e-131,1.64364882097524,G2
ONECUT1,5.73820813032069e-131,1.58883320604754,G2
GBX1,6.72961230157401e-131,1.82447587662979,G2
HOXB13,8.54625707189272e-131,1.50744512855847,G2
HOXA13,8.77617244642967e-131,1.43163253788182,G2
CCDC169-SOHLH2,9.6123575262146e-131,1.47761706523846,G2
CDX2,1.00598158869145e-130,1.43331652082313,G2
HNF4A,1.03696143193991e-130,1.44361889086449,G2
SCRT1,1.92312481018729e-130,1.52241422642664,G2
PRRX2,2.05101043792234e-130,1.47760477562491,G2
HOXD1,2.38641011638177e-130,1.87742422339348,G2
NR2E1,2.4504980809047e-130,1.48349535036038,G2
ZNF177,2.6633182079065e-130,1.51295845511703,G2
CDX1,3.04056077528875e-130,1.36228531636364,G2
DRGX,3.05208926928372e-130,1.627897760907,G2
FOXD3,3.36764012645244e-130,1.41354101128244,G2
HOXC10,4.43870284529018e-130,1.45020682538162,G2
TBX15,4.87882530428947e-130,1.5459719317565,G2
ESRRB,6.2615236656102e-130,1.38996728703864,G2
BCL6B,7.65010001326789e-130,1.41471111913598,G2
EMX2,8.03524393062427e-130,1.71065929465596,G2
FOXC2,1.24528050532196e-129,1.3943332636908,G2
TFAP2A,1.29808318724472e-129,1.40977413185548,G2
IRX4,2.77098179509372e-129,1.7002591961289,G2
SHOX,3.11449971904473e-129,1.60594031546874,G2
POU3F2,3.38377585565604e-129,1.40426160378519,G2
TCF21,6.15925858267465e-129,1.46545083833441,G2
PHOX2A,7.26886080590122e-129,1.61763352701508,G2
NKX2-2,8.04637025908709e-129,1.38430516502747,G2
FOXE3,1.56578161338597e-128,1.51056513174817,G2
PAX2,1.65660404438783e-128,1.38182181212595,G2
DLX3,1.88950088574685e-128,1.47204993146291,G2
ZSCAN1,2.57122683290073e-128,1.38634109069456,G2
OVOL2,2.75106090258945e-128,1.65911228607205,G2
KLF15,3.12570762121689e-128,1.42053897765088,G2
DMBX1,3.60500151832804e-128,1.5972075190269,G2
HNF4G,3.71489994191541e-128,1.50069800642106,G2
DUX4,3.94483137323735e-128,1.72330355310848,G2
ONECUT2,4.14207100728668e-128,1.69292241900459,G2
DBX2,4.34915476346703e-128,1.66360057549128,G2
NR2F2,4.34915476346703e-128,1.4101112953317,G2
HOXC11,4.38191847016288e-128,1.48718529181054,G2
POU2F3,9.13870883806822e-128,1.44117409394627,G2
OTP,9.59496454130198e-128,1.74339993000975,G2
HOXB5,1.02644781986039e-127,1.50842868835904,G2
GSX2,1.18793989146935e-127,1.48292758686303,G2
DPRX,1.86186617432191e-127,1.57753710587477,G2
HEYL,2.03685974362385e-127,1.48329524831234,G2
FOXA2,4.58591689218783e-127,1.43774971939593,G2
ERG,1.07454769455929e-126,1.3560807211178,G2
OSR2,1.61973003678492e-126,1.30861410514881,G2
MYCN,1.65021446084814e-126,1.44597620106378,G2
NKX2-3,1.86628933766287e-126,1.42196083633101,G2
ZSCAN4,1.95167884376482e-126,1.37197499603051,G2
DMRTC2,2.42267811692998e-126,1.4845677352056,G2
NKX2-4,2.71933313505722e-126,1.56956215203671,G2
IRX6,4.29943636752199e-126,1.48955910712786,G2
BHLHA15,5.43564140666019e-126,1.3750712758323,G2
FOXA1,5.94341087545671e-126,1.46517709393238,G2
HNF1B,6.07758510655096e-126,1.53616143810742,G2
OLIG2,7.51307117056091e-126,1.46201476834317,G2
FIGLA,7.5410661486663e-126,1.37734092153085,G2
ZIM3,8.39982738056786e-126,1.36881008797994,G2
HMX1,8.75052364472393e-126,1.45304521739789,G2
HMX3,1.70817378816236e-125,1.54655820363947,G2
HOXA2,2.11867591855986e-125,1.45321121746291,G2
ONECUT3,2.65703210415074e-125,1.59813445611182,G2
TBX10,2.65703210415074e-125,1.51018025426782,G2
IRX5,4.44958531912261e-125,1.53110281704535,G2
NFATC4,6.54223645065093e-125,1.34759699697907,G2
FOXL1,6.81437572973278e-125,1.50698112541396,G2
FOXR1,7.72905934842125e-125,1.46823218330781,G2
LIN28A,1.02034433389453e-124,1.40388999989811,G2
HOXA11,1.43957306608332e-124,1.48576293295014,G2
DLX5,1.46103702905754e-124,1.62913227670241,G2
HOXB9,1.6446567103952e-124,1.46703136110213,G2
DLX2,1.97143371845921e-124,1.56400754754158,G2
FOXD4L3,3.00468346822218e-124,1.70717186614872,G2
BHLHE23,3.38179499569645e-124,1.68807975710659,G2
OTX1,6.17358114533948e-124,1.54278960520951,G2
RAX2,1.39988403471988e-123,1.54408993904587,G2
IRX2,1.54063510637553e-123,1.65597440530736,G2
HSFY2,1.79844553123687e-123,1.88017932119142,G2
FOXD4L4,1.8590640153269e-123,1.70302535872951,G2
GSX1,3.86733717883226e-123,1.51587636855771,G2
ZNF454,4.66522703781098e-123,1.31076220993349,G2
HAND2,4.83996563759087e-123,1.50456264942394,G2
ARID3C,4.87568962003665e-123,1.7056155416442,G2
SOX18,5.52489168549773e-123,1.4078602900228,G2
ELF5,6.86278086475988e-123,1.30519725570467,G2
FOXF2,1.0055807972048e-122,1.54691490429316,G2
GRHL2,1.54503291105445e-122,1.56537808755686,G2
LMX1B,2.01948744195715e-122,1.44281016705552,G2
PAX9,2.94608573971711e-122,1.45238565232199,G2
DMRT1,3.31264946396396e-122,1.56974170862473,G2
MESP2,3.63042229758328e-122,1.50998337543389,G2
FOXF1,4.2810234940649e-122,1.42920558868988,G2
SOX11,5.51160877131969e-122,1.48363900143281,G2
ZNF214,1.63315497302322e-121,1.41718911961524,G2
ZBTB7C,2.54071553962135e-121,1.35148255479817,G2
DLX1,4.23477666382024e-121,1.62281042689581,G2
PRDM6,4.89987990814695e-121,1.2906876871634,G2
ZFHX4,1.06092872767961e-120,1.66003372155548,G2
RHOXF2,1.56048544731344e-120,1.57136941338588,G2
NEUROG2,1.67827893687835e-120,1.70964674756312,G2
BHLHE22,1.89924952337207e-120,1.83516897777737,G2
NANOGP8,3.00295202496503e-120,1.85683945328,G2
SIX3,3.20596340070905e-120,1.7202987300917,G2
MSX1,4.36587944256724e-120,1.65738867536046,G2
NR5A1,1.16721238044798e-119,1.41666853858049,G2
POU6F2,1.35424132704101e-119,1.48368850226214,G2
LHX3,3.54838372439789e-119,1.77041701954398,G2
EBF3,4.42445487233991e-119,1.42387072523623,G2
SKOR1,5.84478756921861e-119,1.44959110817992,G2
FOXI2,6.12598308637658e-119,1.46501206533964,G2
MEF2B,1.08407248745176e-118,1.27547777514422,G2
NFIB,1.79672728577805e-118,1.39654126094516,G2
FOXS1,2.14403521707615e-118,1.54886775558033,G2
FOXI3,3.16450410620541e-118,1.45823877722439,G2
FOXD4L5,6.57310291976599e-118,1.59792695065743,G2
FOXD4L1,1.21142049450864e-117,1.59177634154339,G2
DPF1,2.85810518619196e-117,1.62608828847514,G2
NEUROD4,3.76749139762232e-117,1.63615638981257,G2
LHX1,5.48975538653334e-117,1.48402426686647,G2
FOXQ1,5.64944062137676e-117,1.38245475644825,G2
TBPL2,7.66075025099294e-117,1.56485236213125,G2
NEUROG3,8.37835190279943e-117,1.85446397222516,G2
DMRT2,1.13586400262583e-116,1.48728760585095,G2
TEAD1,1.23332160162254e-116,1.38641352160706,G2
FOXD4,1.92873588170644e-116,1.5678232670358,G2
ST18,2.54899068545679e-116,1.3403803602821,G2
SHOX2,3.25002411579729e-116,1.44087425046803,G2
ZNF695,3.7760299686385e-116,1.24400365027046,G2
SEBOX,1.22103372771217e-115,1.83668375217463,G2
NKX6-1,1.60068773627579e-115,1.56775392269179,G2
CUX2,5.63869184281282e-115,1.69441540046937,G2
HEY1,6.92872683629222e-115,1.33224300538876,G2
SOX1,7.87357449032565e-115,1.62733255612773,G2
POU4F3,1.84479340742082e-114,1.41057979740024,G2
HSFX1,2.1791714088472e-114,1.98593835565123,G2
FOXP2,2.32269044840251e-114,1.38342869414803,G2
HMX2,2.54680889936085e-114,1.39758964631523,G2
ESRRG,2.555847115868e-114,1.30178164717369,G2
HMGA2,2.85248634752547e-114,1.6871646542889,G2
HOXC6,4.16628565535449e-114,1.55005214568446,G2
HES7,1.2118882977577e-113,1.27592239005805,G2
GCM1,1.3810498990926e-113,1.29521152040315,G2
EHF,4.22476413718135e-113,1.24008699927935,G2
NR5A2,4.69572909484433e-113,1.29359229993818,G2
TBR1,2.27799687060028e-112,1.48836514368712,G2
NKX6-2,2.31022159692272e-112,1.39050021626596,G2
MECOM,9.16665343068239e-112,1.38338005975045,G2
PROX1,1.25180552740058e-111,1.44465571889788,G2
FOXA3,1.34256640792899e-111,1.37430132810851,G2
GATA1,1.52280130704484e-111,1.43788801042781,G2
PRDM16,2.06441404162708e-111,1.27147221605383,G2
MSX2,4.85877343865107e-111,1.39567720148108,G2
ZNF205,5.11994337482444e-111,1.91310175122923,G2
ZNF716,1.37827357921714e-110,1.25464417372815,G2
BARX2,1.86600573549084e-110,1.50733308417963,G2
SIX4,2.56126833214991e-110,1.2878380347316,G2
MEIS3,1.87292697617939e-109,1.36156027085291,G2
HIF3A,2.06374326972506e-109,1.60763919150887,G2
ZNF98,2.30568345368405e-109,1.25393453418314,G2
ARNT2,1.00622077742453e-108,1.28202316584544,G2
MIXL1,2.45080452284515e-108,1.7085458931169,G2
ZFHX2,3.18465367250066e-108,1.42073926173196,G2
ZNF521,6.79214797559646e-108,1.34971877638214,G2
HOXA6,9.84698684865591e-108,1.54591912727294,G2
E2F8,7.71196320047114e-107,1.32356266069367,G2
MEIS2,2.28760040108453e-106,1.29195412471264,G2
SPIC,4.93007791167109e-106,1.19998710047942,G2
TWIST1,2.47533193957105e-105,1.29417954422347,G2
TP73,1.51459222626516e-104,1.20258469044954,G2
MAFA,2.11742906882247e-104,1.19182771646675,G2
PITX1,4.91294535261676e-104,1.36061650534629,G2
NEUROD2,5.93554464740136e-104,1.40998244513182,G2
FOXO6,5.97575490027252e-104,1.14816954660113,G2
TLX2,1.22170966439931e-103,1.32261880246245,G2
GATA2,2.49625595008708e-102,1.33590110922181,G2
HOXA3,3.25205202435543e-102,1.41885445411707,G2
NKX6-3,5.80064111141136e-102,1.60956316059556,G2
TWIST2,8.92629009206485e-102,1.42989763825793,G2
SOX30,9.70351100285049e-102,1.19450521791734,G2
RFX8,2.7839639655954e-101,1.34704824943822,G2
ETV1,2.8878760238419e-101,1.22023262641056,G2
ZNF311,3.84556934436287e-101,1.20376326627743,G2
RFX4,8.34755894256413e-101,1.29322063125993,G2
DMRTA1,1.93377522947292e-100,1.37920413429804,G2
SATB2,3.55899303837615e-100,1.72714648508255,G2
MLXIPL,4.10380635322214e-100,1.10608324323318,G2
FOXH1,5.10618568765597e-100,1.22672281127748,G2
E2F7,5.10048619238751e-99,1.23091635263289,G2
POU4F1,1.3730213122709e-98,1.24704168818063,G2
SMAD9,8.4927846303714e-97,1.1997372524683,G2
NANOG,2.37325862148496e-96,1.11399072591168,G2
ZSCAN23,1.57538494135602e-95,1.33995537699727,G2
SOX6,2.15288700078386e-94,1.13499885599697,G2
NR1I2,4.07966667171813e-94,1.25394192809778,G2
HOXB6,6.19083682732057e-94,1.2837541977302,G2
HOXA5,8.19471981110348e-93,1.27425275379732,G2
FOXC1,1.15968433872666e-92,1.06570760789335,G2
HOXA7,2.46495130704135e-92,1.26320577997458,G2
HNF1A,2.92643595460715e-92,1.21489387214878,G2
GLI3,1.49831846820614e-91,1.16347883172834,G2
NHLH1,7.06684848526432e-91,1.05079568913014,G2
ZNF697,7.7190497858325e-91,1.12137779500193,G2
TEAD2,1.15463664505161e-89,1.25142950398467,G2
HOXC5,1.33769040391352e-89,1.32162661803106,G2
ZNF385D,5.68462182795961e-89,1.15034257175779,G2
ZNF541,9.36090570730051e-89,1.19539288882112,G2
FOSL1,1.98810757318189e-88,1.08979777332692,G2
PROX2,2.08303142901599e-88,1.29671105038955,G2
PRDM12,3.75895268625105e-88,1.19395459571474,G2
TAL2,1.11309521008096e-86,1.19387237447773,G2
SNAI1,4.39590322770668e-86,1.10787258437886,G2
THRB,3.57490942457335e-82,1.08174579322501,G2
AC023509.3,1.44872084166709e-81,1.04799690654683,G2
TBX1,1.42751206605062e-80,1.14117922575872,G2
GTF2IRD1,4.41121404005353e-80,1.10799790218771,G2
NR1I3,9.48049041473998e-79,1.00131382861087,G2
HOXA4,3.89511381874058e-78,1.14556717620269,G2
KLF1,4.68151344323113e-78,1.10897781094489,G2
ETV5,9.15393346748623e-78,0.968595943513135,G2
TP63,1.37995514132382e-77,1.11790132502755,G2
ZNF727,2.87868438580638e-77,1.21300010947683,G2
ZNF730,6.44619750100039e-77,1.04180117055739,G2
HESX1,7.91564290642981e-76,1.00626475665694,G2
ALX3,1.52813551901568e-74,0.976424460392785,G2
AR,6.80231960122421e-74,1.06934264704538,G2
MYRF,9.24066966930617e-74,1.07332430259072,G2
GRHL1,9.45265639778657e-74,1.06370040149227,G2
CXXC4,9.6694912975104e-74,1.25866667328343,G2
ZNF704,7.98304652379134e-73,1.02753962479676,G2
TEAD3,4.75205045944064e-72,1.02250016010997,G2
PPARG,5.15419318895079e-72,1.06407245529887,G2
RORB,3.1843266770324e-71,1.13966908216137,G2
TFCP2L1,6.22609473564165e-71,1.05568067564132,G2
ISL2,9.70970513537868e-71,1.01796410681604,G2
SOX5,4.65324511464306e-70,0.995224644509504,G2
TAL1,1.85585347804063e-69,1.05176576084256,G2
GLI1,4.7201041454493e-69,0.950877914890645,G2
LBX2,3.89016165208627e-68,0.992703154539353,G2
ZNF705E,7.2327958351503e-68,0.96462804829263,G2
BORCS8-MEF2B,7.62149556850431e-67,0.96939797308524,G2
HES2,7.64207321460732e-67,0.940568506356461,G2
ZNF157,1.33828897472184e-66,1.04337600745159,G2
ZNF860,2.14831411747164e-66,0.892132305179988,G2
GATA6,1.67852527596761e-64,1.0843616506781,G2
GSC,6.10868923481104e-64,1.2266807726121,G2
HES1,3.77330820466848e-63,0.914051052946078,G2
HEY2,2.7785108615376e-62,1.07564651377032,G2
EPAS1,9.7299653679772e-62,0.965228345460254,G2
MEIS1,1.94065469226207e-61,1.00608187104299,G2
SOX15,4.67519957826478e-61,0.846229266358609,G2
BHLHE41,1.68416645106487e-60,0.884530739669508,G2
DLX4,1.90452516663212e-60,0.998589318483951,G2
MYT1L,4.36130984895723e-60,0.884412133870452,G2
ZBTB12,1.63576221060545e-59,0.874507932447999,G2
ZFP92,7.90755432912396e-59,0.928925771260412,G2
GFI1B,2.09784354214721e-58,0.972426878612808,G2
ZNF774,2.29673122753872e-58,0.85296328030304,G2
SOX7,3.65610237352652e-57,0.917843792403781,G2
RHOXF1,2.04989475802455e-56,0.975715063599191,G2
FOXB1,4.24620973609449e-56,0.915084655155702,G2
OLIG1,5.76960451150118e-55,1.04319746758116,G2
NR2E3,5.13308403456625e-54,0.84515728371529,G2
DPF3,1.36713573261129e-53,1.08735039917481,G2
CRX,3.52387418457748e-53,0.915056640996234,G2
FOXJ1,1.56283952149317e-52,0.994530159263645,G2
EBF4,1.57030693245479e-52,1.08652746849217,G2
CPEB1,4.35406392423858e-50,0.901569219530829,G2
MYBL2,2.56050704741018e-48,0.851144927300883,G2
PRDM5,3.16588809726777e-48,0.936883533171441,G2
NR6A1,6.65073875193505e-48,0.797213717597193,G2
MITF,8.14116941120464e-48,0.823935229887388,G2
ZNF320,1.98817000054932e-47,0.741237849361617,G2
HOXA9,1.15942878530556e-46,0.812703555533011,G2
FOXD1,2.34698953983171e-46,0.84538017097768,G2
POU5F1,2.55497984860812e-46,0.755735906688979,G2
IRF6,9.2356803928921e-46,0.81163049573343,G2
SIX5,2.91391076786199e-45,0.873867568832795,G2
TCF7L1,4.49963839956555e-43,0.777116658467477,G2
BNC2,2.18081190178689e-41,0.882920540765708,G2
ZNF285,1.66752612860453e-39,0.784874869648132,G2
HSF4,2.86824675711013e-37,0.817609417893124,G2
EBF1,1.94809832004606e-36,0.583094006180069,G2
ZBTB32,3.74629100966032e-36,0.82089665827999,G2
POU3F1,9.69163720629784e-36,0.750374833604381,G2
TIGD6,2.14048747728876e-33,0.633037165025389,G2
ZFY,2.33445811612061e-33,0.73630452365321,G2
HOXA1,1.5281244771552e-28,0.693252317557107,G2
NR4A3,2.19985416389511e-27,0.613998337251211,G2
HSF5,3.22353674016654e-27,0.745394133209164,G2
EGR2,1.37086639481011e-26,0.596643697360035,G2
HOXA10,5.51363825967566e-26,0.678401261740142,G2
TBX6,6.96090679147803e-26,0.632348291762206,G2
TFAP2E,5.74341869726293e-25,0.630191899293818,G2
ELF3,5.89425741188702e-25,0.594640639064492,G2
ZSCAN31,7.06585553122653e-25,0.635788625979371,G2
HLX,4.07369317561696e-24,0.602384998686631,G2
VENTX,4.50301057620277e-24,0.575663046063687,G2
HLF,4.87699055126555e-23,0.785102706949379,G2
POU5F1B,1.76932405445749e-22,0.652569865677791,G2
ZFP57,4.37154196098257e-21,0.724025516475109,G2
SMAD1,2.9054655382821e-19,0.577230724221453,G2
NKX3-1,6.68725407671197e-18,0.578459996527684,G2
HOXB3,3.1032471191663e-17,0.582749509144149,G2
SOX13,9.04161392598345e-17,0.648620314512245,G2
ZNF433,1.38327914758801e-16,0.510938304807372,G2
ZNF660,2.03302517664483e-16,0.583661066309014,G2
PAX6,2.43737809918636e-16,0.522070078298311,G2
ZNF662,8.52092084553592e-16,0.643855203683898,G2
NPAS2,1.46571712394552e-14,0.62967540263884,G2
GLIS3,9.24799731825045e-13,0.585525297419,G2
AIRE,1.14504270706595e-11,0.594661685401578,G2
PBX1,2.20267799978701e-11,0.542566186421448,G2
RORC,6.02902695718743e-11,0.616522992263121,G2
SALL2,1.44201313370935e-10,0.553682006458894,G2
SOX8,2.57030083526417e-10,0.579199985202472,G2
PAX8,5.1407392064785e-09,0.513099899845081,G2
EOMES,2.31510197458434e-118,3.05309132869867,G3
TBX21,4.4257960899731e-117,2.40797322146835,G3
RUNX3,3.72249895985714e-107,1.0931565692555,G3
MYBL1,3.14109376827539e-100,1.51069118259384,G3
BHLHE40,4.33881447312333e-92,1.02020445047124,G3
ASCL2,1.24779978728239e-83,2.01789279088541,G3
SOX13,1.96067556021787e-70,1.3616645391434,G3
FOSL2,8.38845024012867e-69,1.48384536937939,G3
TFDP2,2.36277375873257e-68,0.63589160642419,G3
MGA,7.34904336013311e-65,0.657225154738301,G3
SMAD5,3.69103143344271e-64,0.665299807343883,G3
XBP1,5.58575051673324e-63,0.611105461060639,G3
GFI1,2.97844524110479e-62,1.0433509680216,G3
CREM,5.07698780392925e-61,0.547477792585454,G3
RORA,1.57872667094875e-59,0.864930459302663,G3
ZEB2,4.41834515452887e-57,1.23007862087192,G3
ARNTL,1.09660659496273e-56,0.570025696949742,G3
MAFF,5.56133971789141e-53,0.896354043579809,G3
PRDM1,4.42432317633077e-52,0.861072100008369,G3
CXXC5,9.35132557581265e-48,1.26622044046108,G3
STAT4,2.50435568696185e-47,0.783587468752193,G3
ZNF595,8.10267056176634e-47,0.966132533389272,G3
ZBTB16,1.31692811313266e-46,1.12244070191757,G3
NFIL3,2.63597427305791e-46,0.944016566646363,G3
GSC,1.48613172796044e-45,1.2065345647193,G3
HOXA10,2.26584274237782e-45,1.35130904414516,G3
HES6,1.6925909255825e-44,0.968730892430719,G3
ZNF28,3.07701081209996e-44,0.560457456994198,G3
BATF,4.67273181821301e-44,0.575710618988662,G3
HIC1,9.496107589983e-44,0.96166694966654,G3
ESR2,1.35085570666504e-43,0.934678112992287,G3
NFATC2,1.35717057354232e-43,0.611225677585647,G3
BNC2,1.27134967182916e-42,1.56315959003589,G3
ELF4,2.38022079926207e-41,0.559667791531538,G3
HIVEP3,2.76466399280382e-40,0.582041936692658,G3
CREB3L2,3.19039052043442e-40,0.504143096198423,G3
ZNF35,6.10998158758908e-40,0.813171735808856,G3
ARID5A,1.07049894829719e-39,0.6404784171625,G3
CEBPD,1.47370265024138e-39,0.990192077282773,G3
HOXC4,3.10679776254872e-39,1.03175354703147,G3
ZNF236,7.86448865062932e-38,0.796963317904801,G3
HOXB7,4.53461115064066e-36,0.951615943399959,G3
RORB,2.8783322420327e-32,0.925381118647449,G3
CEBPA,2.37256287112971e-31,0.650884712697424,G3
ZFP1,4.78710721443896e-31,0.51298142127539,G3
ZNF684,5.01712467661062e-31,0.506447432574321,G3
IKZF2,2.149555686071e-29,0.724325149956222,G3
ZNF16,3.84806090841015e-28,0.50096683546912,G3
KLF10,2.62722835248015e-27,0.544187096910737,G3
CREB3L4,3.24454580591092e-26,0.563649403995463,G3
ZNF296,1.46089801741156e-25,0.797132693763261,G3
ZNF81,1.62705796643356e-25,0.588013661593154,G3
FOXD2,1.80554987893198e-25,0.677864073270122,G3
ZBTB22,3.51560740282393e-25,0.54608515589117,G3
CXXC4,5.24356479804108e-24,0.84350544269649,G3
GATA6,7.23980469855519e-24,0.830282565584801,G3
MAF,1.03118107086073e-22,0.666816174152478,G3
HOXB4,1.60797519339412e-21,0.593072832604621,G3
ZSCAN9,4.49797708266639e-21,0.610082718802731,G3
TBX1,1.01298276976559e-20,0.788046157350625,G3
MYRF,1.23415953322668e-20,0.744472225729897,G3
NR4A2,3.78157564095965e-20,0.639797060037592,G3
HEY2,4.19574623313158e-15,0.623883563229514,G3
HDX,9.51484902109597e-14,0.534969206501241,G3
ZNF660,6.81676554693894e-13,0.580920694502,G3
EBF4,2.57645226949146e-12,0.570195938225268,G3
LEF1,9.58950343972306e-147,1.83218657666159,G4
TCF7,3.97345335287893e-139,1.63924764682709,G4
FOXP1,2.29735635597237e-119,0.901945135523192,G4
MYC,3.55361497996066e-110,0.983678018789807,G4
FOXO1,1.35267398806444e-97,0.648983131600191,G4
ETS1,1.27153500726553e-87,0.595780954712702,G4
ZNF483,3.25687899474501e-87,0.999470824932764,G4
MEOX1,5.04469859573436e-86,1.25682732957365,G4
ZNF101,1.43431988085849e-85,0.534399459896571,G4
FOXK1,3.56191220044823e-83,0.508547361240682,G4
FOXK2,1.53360001231084e-78,0.569593482505237,G4
SATB1,1.53843515591866e-76,0.605410821216788,G4
FOXP3,2.46624790035492e-74,1.35335279799633,G4
PLAG1,2.79844996083565e-74,0.960857994087304,G4
ZNF563,6.98572936721196e-72,0.699003285382705,G4
HSF2,3.1709199257879e-71,0.54707216498787,G4
ZNF658,5.41729612407012e-65,0.629840516741778,G4
SOX8,1.89082357146385e-56,0.992100062888641,G4
PBX4,5.54245841815466e-56,0.90773516144365,G4
TERF2,9.74465111052218e-56,0.580726248335562,G4
GATA3,1.65724096247465e-53,0.960448942424755,G4
KLF5,5.85070087252571e-50,0.732859012344598,G4
ZEB1,8.86584599307755e-49,0.789385618056023,G4
NR3C2,1.00084544449356e-47,0.777462896453562,G4
ZNF382,3.4062295268714e-45,0.643406033545704,G4
GLIS3,2.02458860701257e-42,0.895371430926213,G4
HOMEZ,3.99272471855018e-41,0.606995285663306,G4
MYB,1.06980208796815e-40,0.806337285865837,G4
NPAS2,5.52585679533837e-39,0.817926349753684,G4
ARID5B,2.40967910791626e-38,0.555085824385515,G4
RUNX2,2.07892878706758e-36,0.638253186811985,G4
ZNF540,2.41165278015247e-25,0.512722255649521,G4
ZNF662,2.74698188525347e-25,0.607340759879984,G4
ZNF30,4.41045168242814e-23,0.506739617729119,G4
SALL2,1.26917317422881e-21,0.516555767987047,G4
HLF,4.02406329079271e-21,0.646161111512161,G4
ZNF793,8.97052908838165e-21,0.53410624666577,G4
STAT4,2.03892563504626e-07,0.628875605085314,G4
TCF4,3.76087944328348e-69,4.07936760313278,G5
SPIB,9.63878274295144e-69,4.66985985988796,G5
BCL11A,6.02537651948169e-68,3.98458071603611,G5
E2F5,3.75621339750189e-67,1.96575680762772,G5
TCF3,9.30205689653019e-67,1.33427859564847,G5
ZNF860,3.4989442096495e-66,3.34453327492836,G5
MEF2C,1.0359443121963e-65,3.52746638683979,G5
PAX5,2.06709724844463e-64,4.06019801563497,G5
IRF8,6.50173435215989e-64,2.8410157562961,G5
POU2AF1,1.31713162045308e-63,3.83817547797957,G5
EBF1,7.36382144760956e-62,3.84995050765276,G5
BHLHE41,1.35952502315354e-59,2.83556483316156,G5
IRF4,6.51027349777939e-59,1.79271729876042,G5
KLF8,6.38417455574405e-58,1.80845769149798,G5
HHEX,5.90226355787568e-55,2.67691439083549,G5
POU2F2,2.0831917686956e-54,1.62186845481644,G5
DPF3,1.0101316491432e-52,1.68385658415452,G5
NFKB2,1.06526461519085e-51,0.991283150114588,G5
RELB,1.78453148724597e-51,1.02467089250647,G5
SOX5,1.88894016438204e-51,2.11839730991526,G5
LYL1,6.76431917766833e-51,1.60658424722841,G5
REL,4.88574258532173e-50,1.21406378319118,G5
RFX5,5.01342995080387e-48,0.748871126535347,G5
ZNF711,1.53661591447278e-46,1.40688869388474,G5
MEF2A,3.62680481462209e-46,0.929816973886915,G5
ZNF418,1.13723680124645e-45,1.39290274652465,G5
SPI1,1.51056204660664e-45,2.22455103395339,G5
TEAD2,2.53230120417597e-45,1.54057170827567,G5
MYBL2,3.15415613329036e-45,2.02751986675326,G5
POU2F1,3.63882439165122e-45,0.950541439803452,G5
TFEB,3.51059126340944e-44,1.14987474158512,G5
TAL2,4.97158146620348e-44,1.48527933774124,G5
CXXC5,6.54218444526608e-43,1.77154771088818,G5
ZNF296,8.36520794110172e-43,1.55418659598892,G5
ZNF821,1.79885020558189e-41,0.712962663081454,G5
ZBTB18,7.06941294852316e-41,0.898923330373268,G5
ZNF768,7.50626161797487e-41,1.13793825516119,G5
TCF12,7.91982687451664e-41,0.615628871143515,G5
HES1,3.15647023772607e-37,1.33978931199027,G5
PLAGL1,2.27671119974306e-36,0.967068332410031,G5
ZNF667,6.25220019464328e-34,1.44163496238288,G5
IRF5,1.2741781840334e-33,1.24388070712569,G5
ZNF154,6.33646673776427e-32,1.02440302974375,G5
ZNF736,1.59695478191767e-31,0.710101474454342,G5
GLI1,2.6214636918964e-31,1.0546548086827,G5
SREBF2,4.59997693973798e-31,0.523617865369991,G5
ZNF581,7.24065359645303e-31,0.622829627302883,G5
HOXC4,2.95381273467158e-30,1.32318842814655,G5
JDP2,2.07865695923934e-29,1.1815136567605,G5
THRB,5.81151263509973e-29,1.27714919310274,G5
ZNF250,6.0302257877808e-29,0.65098622067269,G5
ZNF439,2.01801183985118e-28,0.704721532102765,G5
ZFP82,3.15587848061953e-27,0.663314429983414,G5
ZNF594,4.60369375760112e-27,0.69841030991897,G5
CREB3L4,2.77763260002964e-26,0.742882681592237,G5
ZNF135,4.13613729083934e-26,1.10189168118611,G5
TGIF2,7.77540772153013e-25,0.541313240732391,G5
DDIT3,8.14351588985116e-25,0.536827740845975,G5
BACH2,6.05499834542644e-24,0.613138405320115,G5
HLX,9.54609257291185e-24,1.16952970570079,G5
ZSCAN9,1.56740495228594e-23,0.789626126201561,G5
BCL6,3.38429643713625e-22,0.878181026638348,G5
IRF7,4.27579620260156e-22,0.52623545571093,G5
YBX3,1.31331624711597e-21,0.909705832854748,G5
ZNF415,1.41190101858632e-21,0.977885556412943,G5
ZNF660,6.37308497489985e-21,0.967544182899619,G5
ZNF175,8.11919780750258e-21,0.747440934666018,G5
POU5F1,9.78058973121136e-21,0.908380051495193,G5
ZNF19,1.43258266152777e-19,0.584188445409085,G5
MESP1,1.84495873985448e-19,0.91025125533104,G5
EGR3,3.46848018364169e-19,0.898987411792131,G5
NRL,5.10128534541276e-19,0.579848366098219,G5
TFEC,7.28707245352284e-19,1.1471839257841,G5
ZNF730,2.23507722727734e-18,0.810000149591943,G5
ZFHX3,2.55774999946696e-18,0.700303745848094,G5
LCORL,4.32273822922021e-18,0.56737639745567,G5
NFIX,4.58862274684327e-18,0.744401282797156,G5
ZNF595,1.8508398743205e-17,0.692252337915344,G5
NKX3-1,2.61256699268286e-17,0.789465121762641,G5
ZNF492,7.06490925830008e-17,0.791849659695762,G5
ZIK1,2.26514037204499e-16,0.623379319347462,G5
SOX4,5.85680852144533e-16,0.896283779317852,G5
ZEB2,1.61879139051614e-15,0.964117565577558,G5
ZKSCAN2,2.6507638785761e-15,0.62587759728124,G5
PRDM15,4.31655555372292e-15,0.552188385203557,G5
POU3F1,3.81715269395068e-14,0.818590111718667,G5
ARID3A,5.37785590486435e-13,0.617865070952814,G5
ZNF35,5.79114932071948e-13,0.607610211941271,G5
ZNF341,9.19773382889064e-13,0.534699096548309,G5
ZNF433,2.68374759724009e-12,0.673391990253688,G5
ZNF443,6.4184557314227e-12,0.505818895759576,G5
NR4A1,3.21175217739469e-11,0.65472514422855,G5
ZFP28,4.77872400001748e-11,0.522747443374117,G5
ZEB1,3.1366551977777e-10,0.542888138651374,G5
ZBTB32,5.04234256848812e-10,1.05377050741633,G5
ZNF79,5.76665553684193e-10,0.516392352210385,G5
TP63,6.79067160987463e-10,0.782410686285706,G5
ZNF793,1.06949717121906e-09,0.539796730345881,G5
ESR2,1.23267294225072e-09,0.613197442243566,G5
AIRE,1.43112674659642e-08,0.543728949583135,G5
